song_id,artist,track,genre,sub_artist_genre
1,2 Chainz+Gucci Mane+Quavo,Good Drank (Explicit),hip-hop/rap,
4,21 Savage+Metro Boomin+Future,X Bitch (feat. Future),hip-hop/rap,
5,21 Savage+Metro Boomin,No Heart,hip-hop/rap,
6,21 Savage,Red Opps (Explicit),hip-hop/rap,
7,5 Seconds Of Summer,Girls Talk Boys,pop,
8,6LACK,PRBLMS,hip-hop/rap,
9,A Boogie Wit Da Hoodie+Dj SpinKing,Timeless (Explicit),hip-hop/rap,
10,A Boogie Wit Da Hoodie+Kodak Black,Drowning (Explicit),hip-hop/rap,
12,A Tribe Called Quest,We The People....,hip-hop/rap,
13,AJR,Weak,rock,pop
14,Adam Wakefield,I'm Sorry (Live),country,pop
15,Adam Wakefield,Lonesome Broken and Blue (Live),country,pop
16,Adam Wakefield,When I Call Your Name (Live),country,pop
17,Adele,Hello,pop,soul/rnb
18,Adele,Send My Love (To Your New Lover),pop,soul/rnb
19,Adele,Water Under The Bridge,pop,soul/rnb
20,Al Jarreau,We're In This Love Together,rock,jazz
21,Alan Walker+Iselin Solheim,Faded,electronic,
23,Alessia Cara,How Far I'll Go(Alessia Cara Version),pop,
25,Alessia Cara,Scars To Your Beautiful,pop,
26,Alessia Cara,Wild Things (NuKid Remix),pop,
28,Alex Da Kid,Not Easy,soul/rnb,pop
29,Alisan Porter,Down That Road (Live),country,pop
30,Alisan Porter,Somewhere (Live),country,pop
31,Aminé,Caroline (Explicit),hip-hop/rap,
32,Andra Day,Rise Up,soul/rnb,
33,Andy Grammer,Fresh Eyes,pop,
34,Andy Williams,It's the Most Wonderful Time of the Year,pop,
35,Anna Kendrick+Justin Timberlake,True Colors,pop,
37,Anne-Marie,Marie-Alarm,pop,
38,Anne-Marie,Marie-Ciao Adios,pop,
39,Ansel Elgort,Thief,pop,
40,Ariana Grande+John Legend,Beauty and the Beast,pop,
42,Ariana Grande,Dangerous Woman,pop,
43,Ariana Grande,One Last Time,pop,
44,Artists Of Then+Now & Forever,Forever Country,country,
46,Ayo & Teo,Rolex,hip-hop/rap,
47,Baby Bash,Suga Suga (Album Version),hip-hop/rap,pop
48,Band Aid,Do They Know It's Christmas?,pop,
49,Bastille,Good Grief,rock,pop
50,Beastie Boys,Fight For Your Right,hip-hop/rap,
51,Bebe Rexha,I Got You,pop,
52,Belly+The Weeknd,Might Not,hip-hop/rap,
54,Ben Rector,Brand New,pop,rock
55,Big Sean+Eminem,No Favors,hip-hop/rap,
56,Big Sean,Blessings (Explicit),hip-hop/rap,
57,Big Sean,Bounce Back,hip-hop/rap,
58,Big Sean,Halfway Off the Balcony,hip-hop/rap,
59,Big Sean,Jump Out the Window,hip-hop/rap,
60,Big Sean,Light,hip-hop/rap,
61,Big Sean,Moves,hip-hop/rap,
63,Big Sean,Owe Me,hip-hop/rap,
65,Billboard Masters ,Sweatshirt - Tribute to Jacob Sartorius,pop,
66,Billy Currington,It Don't Hurt Like It Used To,country,
67,Bishop Briggs,River,rock,pop
68,Blackbear,Do Re mi (Explicit),pop,
69,Blake Shelton,A Guy With a Girl,country,
70,Blake Shelton,Came Here to Forget,country,
71,Blake Shelton,Every Time I Hear That Song,country,
72,Blake Shelton,Go Ahead and Break My Heart,country,
73,Blake Shelton,She's Got a Way With Words,country,
74,Blink-182,182-Bored To Death,pop,rock
75,Blink-182,182-Rabbit Hole,pop,rock
76,Bob Marley+The Wailers+LVNDSCAPE+Leon Bolier,Is This Love (Extended Mix),reggae,electronic
78,Bobby Helms,Jingle Bell Rock,country,
79,Bon Jovi,Livin' On A Prayer,rock,
80,Brad Paisley+Demi Lovato,Without a Fight,country,pop
81,Brad Paisley,Today,country,
83,Brantley Gilbert,The Weekend,country,
84,Brenda Lee,Rockin' Around The Christmas Tree (Re-Recorded Version),pop,"rock,jazz"
86,Brett Eldredge,Somethin' I'm Good At,country,rock
87,Brett Eldredge,Wanna Be That Song,country,rock
88,Brett Young,In Case You Didn't Know,country,
89,Brett Young,Sleep Without You,country,
90,Britney Spears+G-Eazy,Eazy-Make Me...,pop,
91,Britney Spears+Tinashe,Slumber Party (Explicit),pop,
92,Britney Spears,Make Me...,pop,
93,Broadway for Orlando,What the World Needs Now Is Love,pop,
94,Brooklyn and Bailey,Dance Like Me,pop,
96,Bruno Mars,24K Magic,pop,
97,Bruno Mars,Perm,pop,
98,Bruno Mars,That's What I Like,pop,
99,Bruno Mars,Versace On The Floor,pop,
100,Bryson Tiller,Don't (Explicit),hip-hop/rap,"pop,soul/rnb"
102,Burl Ives,A Holly Jolly Christmas,folk,
103,CL,LIFTED,pop,
104,Calum Scott,Dancing On My Own (Ben Dooks Remix),pop,
105,Calum Scott,Dancing on My Own,pop,
106,Calvin Harris+Frank Ocean+Migos,Slide,pop,electronic
107,Calvin Harris+Future+Khalid,Rollin,pop,electronic
108,Calvin Harris+Rihanna,This Is What You Came For,pop,electronic
109,Calvin Harris+Young Thug+Pharrell Williams+Ariana Grande,Heatstroke,pop,electronic
113,Camila Cabello,Crying In The Club,pop,
114,Camila Cabello,I Have Questions,pop,
115,Carlos Vives+Shakira,La Bicicleta,pop,latin
116,Carrie Underwood,Church Bells,country,pop
117,Carrie Underwood,Dirty Laundry,country,pop
119,Céline Dion,How Does A Moment Last Forever,pop,
120,Chance The Rapper+Lil Wayne+2 Chainz,No Problem,hip-hop/rap,
123,Charles Kelley,The Only One Who Gets Me,country,pop
124,Charli XCX+Lil Yachty,After The Afterparty,pop,electronic
126,Charlie Puth+Selena Gomez,We Don't Talk Anymore,pop,
127,Charlie Puth,Attention,pop,
128,Charlie Puth,One Call Away (Acoustic),pop,
132,Chase Rice,Everybody We Know Does,country,
133,Cheat Codes+Demi Lovato,No Promises,pop,electronic
134,Cheat Codes,Let Me Hold You (Turn Me On),pop,electronic
135,Childish Gambino,Me and your Mama,hip-hop/rap,
136,Childish Gambino,Redbone (Explicit),hip-hop/rap,
137,Chris Blue,Money On You (Live),soul/rnb,pop
138,Chris Blue,Take Me To the King (Live),soul/rnb,pop
139,Chris Brown+Gucci Mane+Usher,Party (Explicit),pop,"soul/rnb,hip-hop/rap"
140,Chris Brown,Back To Sleep,pop,"soul/rnb,hip-hop/rap"
141,Chris Brown,Grass Ain't Greener,pop,"soul/rnb,hip-hop/rap"
142,Chris Brown,Privacy (Explicit),pop,"soul/rnb,hip-hop/rap"
143,Chris Janson,Holdin' Her,country,
144,Chris Lane,Fix,country,
145,Chris Lane,For Her,country,
146,Chris Rea,Driving Home For Christmas (2003),blues,rock
147,Chris Stapleton,Broken Halos,country,
148,Chris Stapleton,Either Way,country,
149,Chris Stapleton,Fire Away,country,
150,Chris Stapleton,Parachute,country,
151,Chris Stapleton,Tennessee Whiskey,country,
152,Chris Young+Cassadee Pope,Think of You,country,
153,Chris Young+Vince Gill,Sober Saturday Night,country,
156,Christina Aguilera,Change,pop,
157,Christine and the Queens,Tilted,pop,
158,Chuck Berry,Johnny B. Goode,rock,"soul/rnb,blues"
159,Clean Bandit+Louisa Johnson,Tears,pop,electronic
160,Clean Bandit+Sean Paul+Anne-Marie,Marie-Rockabye,pop,electronic
161,Clean Bandit+Zara Larsson,Symphony,pop,electronic
162,Clean Bandit,Rockabye,pop,electronic
165,Coldplay,Hymn For The Weekend,pop,
166,Coldplay,Hypnotised,pop,
167,Cole Swindell+Dierks Bentley,Flatliner,country,
168,Cole Swindell,Middle of a Memory,country,
169,Cole Swindell,You Should Be Here,country,
170,Corinne Bailey Rae,The Scientist,soul/rnb,
171,Craig David,Ain't Giving Up,soul/rnb,"pop,electronic"
172,D.R.A.M.+Lil Yachty,BROCCOLI,hip-hop/rap,
174,DJ Drama+Chris Brown+Skeme+Lyquin,Wishing,hip-hop/rap,
175,DJ Esco+Future+Lil Uzi Vert,Too Much Sauce,hip-hop/rap,
176,DJ Khaled+Beyoncé+Jay-Z,Z-Shining (Explicit),hip-hop/rap,pop
177,DJ Khaled+Drake,For Free (Explicit),hip-hop/rap,pop
179,DJ Khaled+Jay-Z+Future,Z,hip-hop/rap,pop
180,DJ Khaled+Justin Bieber+Quavo+Chance The Rapper,I'm the One (Explicit),hip-hop/rap,pop
181,DJ Khaled+Nicki Minaj+Chris Brown+August Alsina,Do You Mind (Explicit),hip-hop/rap,pop
184,DJ Khaled,Holy Key (Explicit),hip-hop/rap,pop
185,DJ Khaled,I Got the Keys (Explicit),hip-hop/rap,pop
186,DJ Khaled,Shining (Explicit),hip-hop/rap,pop
187,DJ Luke Nasty+2 Chainz,OTW (Remix),hip-hop/rap,
188,DJ Slim K,Key to the Streets (Chopped Not Slopped),hip-hop/rap,
189,DJ Snake+Bipolar Sunshine,Middle (4B Remix),electronic,hip-hop/rap
191,DJ Snake+Justin Bieber,Let Me Love You,electronic,hip-hop/rap
192,DJ Snake+Lil Jon,Turn Down for What,electronic,hip-hop/rap
196,DJ Suede The Remix God,Cash Me Outside (#CashmeOutside),hip-hop/rap,
197,DNCE,Cake By The Ocean,pop,
198,DNCE,Toothbrush,pop,
199,Daddy Yankee,Shaky Shaky,reggae,"hip-hop/rap,latin"
200,Dae Dae,Wat U Mean (Aye,hip-hop/rap,hip-hop/rap
201,Dan   Shay,From the Ground Up,country,
202,Dan   Shay,How Not To,country,
203,Dan   Shay,When I Pray For You,country,
204,Dan Stevens,Evermore,pop,
207,David Guetta+Sia,Titanium,electronic,pop
209,David Nail,Night's On Fire,country,
210,Daya,Hide Away,pop,electronic
211,Daya,Sit Still,pop,electronic
212,Demi Lovato,Body Say,pop,
213,Desiigner,Panda (#PANDATO Version),hip-hop/rap,
215,Desiigner,Tiimmy Turner,hip-hop/rap,
216,Dierks Bentley+Elle King,Different for Girls,country,
217,Dierks Bentley,Black,country,
219,Dierks Bentley,Drunk On A Plane,country,
220,Dierks Bentley,Somewhere on a Beach,country,
221,Disciples,On My Mind,electronic,pop
222,Disturbed,The Sound Of Silence,hip-hop/rap,rock
224,Drake+21 Savage,Sneakin' (Explicit),hip-hop/rap,
225,Drake+Black Coffee+Jorja Smith,Get It Together,hip-hop/rap,
227,Drake+Future,Jumpman,hip-hop/rap,
228,Drake+Giggs,KMT,hip-hop/rap,
229,Drake+Giggs,No Long Talk,hip-hop/rap,
230,Drake+Kanye West,Glow,hip-hop/rap,
231,Drake+PARTYNEXTDOOR,With You (Explicit),hip-hop/rap,
232,Drake+Pimp C+dvsn,Faithful (Explicit),hip-hop/rap,
233,Drake+Popcaan,Controlla,hip-hop/rap,
234,Drake+Quavo+Travis Scott,Portland,hip-hop/rap,
235,Drake+Rihanna,Too Good (Explicit),hip-hop/rap,
236,Drake+Sampha,4422,hip-hop/rap,
237,Drake+The Throne,Pop Style,hip-hop/rap,
238,Drake+WizKid+Kyla,One Dance,hip-hop/rap,
239,Drake+Young Thug,Ice Melts,hip-hop/rap,
241,Drake,9 (Explicit),hip-hop/rap,
242,Drake,Blem,hip-hop/rap,
244,Drake,Childs Play (Explicit),hip-hop/rap,
249,Drake,Fake Love (Clean),hip-hop/rap,
251,Drake,Feel No Ways (Explicit),hip-hop/rap,
252,Drake,Fire & Desire (Explicit),hip-hop/rap,
253,Drake,Free Smoke,hip-hop/rap,
257,Drake,Gyalchester,hip-hop/rap,
258,Drake,Hype (Explicit),hip-hop/rap,
260,Drake,Jorja Interlude,hip-hop/rap,
263,Drake,Keep The Family Close (Explicit),hip-hop/rap,
265,Drake,Madiba Riddim,hip-hop/rap,
267,Drake,Nothings Into Somethings,hip-hop/rap,
269,Drake,Passionfruit,hip-hop/rap,
273,Drake,Redemption (Explicit),hip-hop/rap,
275,Drake,Since Way Back,hip-hop/rap,
276,Drake,Skepta Interlude,hip-hop/rap,
277,Drake,Sneakin’,hip-hop/rap,
279,Drake,Summer Sixteen (Clean),hip-hop/rap,
280,Drake,Teenage Fever,hip-hop/rap,
282,Drake,Two Birds,hip-hop/rap,
283,Drake,U With Me? (Explicit),hip-hop/rap,
284,Drake,Views (Explicit),hip-hop/rap,
285,Drake,Weston Road Flows (Explicit),hip-hop/rap,
287,Dreezy+Jeremih,Body (Clean),hip-hop/rap,pop
292,Dua Lipa,Blow Your Mind (Mwah) (Explicit),pop,
293,Dustin Lynch,Mind Reader,country,
294,Dustin Lynch,Seein' Red,country,
295,Dustin Lynch,Small Town Boy,country,
296,Dwayne Johnson,You're Welcome,pop,hip-hop/rap
297,Dylan Scott,My Girl,country,
298,Ed Sheeran,Castle on the Hill,pop,
299,Ed Sheeran,How Would You Feel (Paean),pop,
300,Ed Sheeran,Photograph,pop,
301,Ed Sheeran,Shape of You,pop,
302,Ed Sheeran,Thinking Out Loud (Campfire Version),pop,
303,Electric Light Orchestra,Mr. Blue Sky (Album Version),rock,
304,Elle King,America's Sweetheart,pop,rock
305,Ellie Goulding,Still Falling For You,pop,electronic
306,Elton John,Step Into Christmas,pop,rock
307,Emeli Sandé,Hurts,pop,soul/rnb
308,Eminem+Rihanna,Love The Way You Lie,hip-hop/rap,
309,Eminem,Infinite,hip-hop/rap,
310,Emma Watson,Something There,pop,
312,Enrique Iglesias+Wisin,DUELE EL CORAZON,pop,latin
313,Eric Church,Kill a Word,country,
314,Eric Church,Record Year,country,
315,Evanescence,Bring Me To Life,rock,
316,Ewan McGregor+Emma Thompson+Gugu Mbatha-Raw+Ian McKellen,Raw,pop,
317,Ewan McGregor,Be Our Guest,pop,
318,FRENSHIP+Emily Warren,Capsize,pop,electronic
319,Faith Hill,Keep Your Eyes On Me,country,
321,Fat Joe+Remy Ma+French Montana,All the Way Up (Explicit),hip-hop/rap,
323,Fergie,Life Goes On,pop,
324,Fergie,M.I.L.F. $,pop,
325,Fetty Wap,Wake Up,hip-hop/rap,pop
326,Fifth Harmony+Fetty Wap,All In My Head (Flex),pop,
327,Fifth Harmony+Ty Dolla $ign,Work From Home,pop,
329,Fifth Harmony,That's My Girl,pop,
331,Fitz & The Tantrums,HandClap,pop,
332,Fleetwood Mac,The Chain,rock,
333,Flo Rida+99 Percent,Cake,hip-hop/rap,"pop,electronic"
334,Flo Rida,My House (Live at New Year's Rockin' Eve 2017),hip-hop/rap,"pop,electronic"
336,Florida Georgia Line+Backstreet Boys,God,country,pop
337,Florida Georgia Line+Tim Mcgraw,May We All,country,pop
338,Florida Georgia Line,Confession,country,pop
339,Florida Georgia Line,H.O.L.Y,country,pop
341,Florida Georgia Line,Smooth,country,pop
342,Flume+Kai,Never Be Like You,electronic,pop
343,Flume+Tove Lo,Say It,electronic,pop
347,Frank Ocean,Chanel (Explicit),hip-hop/rap,"soul/rnb,pop"
348,Frank Ocean,Ivy (Explicit),hip-hop/rap,"soul/rnb,pop"
349,Frank Ocean,Nights (Explicit),hip-hop/rap,"soul/rnb,pop"
350,Frank Ocean,Nikes (Explicit),hip-hop/rap,"soul/rnb,pop"
351,Frank Ocean,Pink + White,hip-hop/rap,"soul/rnb,pop"
353,Frankie Ballard,It All Started with a Beer,country,
354,French Montana+Drake,No Shopping,hip-hop/rap,
355,French Montana+Kodak Black,Lockjaw (Explicit),hip-hop/rap,
356,French Montana+Swae Lee,Unforgettable,hip-hop/rap,
358,Future Pigeon,Wicked Version,electronic,rock
360,Future+Rihanna,Selfish (Explicit),hip-hop/rap,pop
361,Future+The Weeknd,Comin Out Strong (Explicit),hip-hop/rap,pop
362,Future+The Weeknd,Low Life (Explicit),hip-hop/rap,pop
364,Future,Draco (Explicit),hip-hop/rap,pop
366,Future,Mask Off (Explicit),hip-hop/rap,pop
367,Future,New Level,hip-hop/rap,pop
368,Future,Rent Money (Explicit),hip-hop/rap,pop
370,Future,Super Trapper (Explicit),hip-hop/rap,pop
372,Future,Zoom (Explicit),hip-hop/rap,pop
373,G-Eazy+Bebe Rexha,Eazy,pop,hip-hop/rap
375,G-Eazy+Kehlani,Eazy,pop,hip-hop/rap
376,G-Eazy+Marc E. Bassy,Eazy,pop,hip-hop/rap
379,Galantis+Hook N Sling,Love On Me,electronic,pop
381,Galantis,No Money,electronic,pop
382,Gavin DeGraw,She Sets The City On Fire,pop,rock
383,George Michael,Careless Whisper (Album Version),pop,rock
385,George Michael,Freedom! '90 (Remaster),pop,rock
386,Ghost Town DJ's,My Boo,hip-hop/rap,
388,Gnash+Johnny Yukon,home,pop,
389,Gnash+Olivia O'Brien,i hate u,pop,
391,Godsmack,Come Together,rock,
393,Gorillaz+Popcaan,Saturnz Barz,pop,"hip-hop/rap,rock"
394,Grace+G-Eazy,Eazy-You Don't Own Me,soul/rnb,
395,Grace,You Don't Own Me,soul/rnb,
396,Granger Smith,If the Boot Fits,country,
397,Gucci Mane+Drake,Both,hip-hop/rap,pop
398,Gucci Mane+Kanye West,P**** Print (Explicit),hip-hop/rap,pop
399,Gucci Mane,Back On Road (Explicit),hip-hop/rap,pop
401,Gucci Mane,Make Love,hip-hop/rap,pop
402,Gwen Stefani,Hollaback Girl,pop,
403,HAIM,Want You Back,pop,rock
405,Hailee Steinfeld,Most Girls,pop,electronic
407,Halsey,Eyes Closed,pop,electronic
408,Halsey,Not Afraid Anymore,pop,electronic
409,Halsey,Not Afraid Anymore的副本,pop,electronic
410,Halsey,Now Or Never,pop,electronic
411,Hannah Huston,Every Breath You Take (Live),soul/rnb,
412,Hannah Huston,I Call the Shots (Live),soul/rnb,
413,Harry Styles,Sign of the Times,pop,
414,Harry Styles,Sweet Creature,pop,
415,Hey Violet,Guys My Age (Stripped) (Explicit),pop,electronic
417,High Valley,Make You Mine,country,
418,Hillsong Worship,What a Beautiful Name (Acoustic),pop,"folk,rock"
419,Hunter Plake,Higher Love (Live),pop,
420,Iggy Azalea,Mo Bounce (Explicit),hip-hop/rap,pop
421,Iggy Azalea,Team (Young Bombs Remix),hip-hop/rap,pop
423,Imagine Dragons,Believer,rock,
424,Imagine Dragons,Not Today,rock,
425,Imagine Dragons,Radioactive,rock,
426,Imagine Dragons,Thunder,rock,
427,Imagine Dragons,Whatever It Takes,rock,
428,J Hus,Did You See,hip-hop/rap,
429,J. Cole,4 Your Eyez Only,hip-hop/rap,
431,J. Cole,Deja Vu,hip-hop/rap,
432,J. Cole,False Prophets (Explicit),hip-hop/rap,
433,J. Cole,Foldin Clothes,hip-hop/rap,
434,J. Cole,For Whom the Bell Tolls,hip-hop/rap,
435,J. Cole,Immortal,hip-hop/rap,
436,J. Cole,Neighbors,hip-hop/rap,
437,J. Cole,She's Mine,hip-hop/rap,
438,J. Cole,She's Mine,hip-hop/rap,
439,J. Cole,Ville Mentality,hip-hop/rap,
440,J. Cole,everybody dies,hip-hop/rap,
441,JP Cooper,September Song,pop,electronic
442,Jacob Sartorius,Hit or Miss,pop,
443,Jake Owen,American Country Love Song,country,
444,Jake Owen,If He Ain't Gonna Love You,country,
445,James Arthur,Safe Inside,pop,
446,James Arthur,Say You Won't Let Go,pop,
447,James Bay,Let It Go,pop,
448,Jason Aldean,A Little More Summertime,country,
449,Jason Aldean,Any Ol' Barstool,country,
450,Jason Aldean,Lights Come On,country,
451,Jason Derulo,If It Ain't Love,pop,
452,Jax Jones+Raye,You Don't Know Me,electronic,pop
454,Jennifer Lopez+Lin-Manuel Miranda,Manuel Miranda-Love Make the World Go Round,pop,
455,Jennifer Lopez,Ain't Your Mama,pop,
456,Jennifer Nettles,Unlove You,country,
457,Jeremih,Oui,hip-hop/rap,"soul/rnb,pop"
458,Jesse Larson,Woman (Live),country,
460,John Legend,Love Me Now,soul/rnb,pop
461,John Mayer,Changing,pop,rock
462,John Mayer,Love On The Weekend,pop,rock
463,John Mayer,Moving On and Getting Over,pop,rock
465,Johnny Cash,Ain't No Grave (Album Version),country,
466,Jon Bellion,All Time Low (Explicit),pop,rock
468,Jon Pardi,Dirt On My Boots,country,
469,Jon Pardi,Head Over Boots,country,
470,Jonas Blue+JP Cooper,Perfect Strangers,electronic,pop
471,Jonas Blue+Raye,By Your Side,electronic,pop
472,Jonas Blue+William Singe,Mama,electronic,pop
476,Jose Feliciano,Feliz Navidad,latin,pop
477,Josh Ritter,Homecoming,folk,"pop,rock"
478,Josh Turner,Hometown Girl,country,
479,Joy Villa,Get Your Freedom,soul/rnb,
480,Joy Villa,I Make the Static,soul/rnb,
481,Joy Villa,The Darkness,soul/rnb,
482,Joy Villa,Vagabonds,soul/rnb,
483,Juicy J,Ain't Nothing (Explicit),hip-hop/rap,
484,Julia Michaels,Issues,pop,
485,Justin Bieber,Company,pop,
486,Justin Bieber,Love Yourself,pop,
487,Justin Bieber,Sorry,pop,
488,Justin Moore,You Look Like I Need A Drink,country,
489,Justin Timberlake,CAN'T STOP THE FEELING!,pop,
490,KLOE,Liability,pop,
491,Kaleo,Way Down We Go,rock,
492,Kane Brown+Lauren Alaina,What Ifs,country,
493,Kane Brown,Ain't No Stopping Us Now,country,
494,Kanye West+Gucci Mane+Big Sean+2 Chainz,Champions,hip-hop/rap,
495,Kanye West+Rihanna,Famous,hip-hop/rap,
496,Kanye West+Ty Dolla $ign+Post Malone,Fade,hip-hop/rap,
499,Katy Perry+Migos,Bon Appétit,pop,
500,Katy Perry+Nicki Minaj,Swish Swish (Explicit),pop,
501,Katy Perry+Skip Marley,Chained To The Rhythm,pop,
503,Katy Perry,Rise,pop,
504,Kehlani,CRZY,pop,soul/rnb
505,Kehlani,Distraction,pop,soul/rnb
506,Kehlani,Gangsta (Explicit),pop,soul/rnb
507,Keith Urban+Carrie Underwood,The Fighter,country,
508,Keith Urban,Blue Ain't Your Color,country,
510,Keith Urban,Wasted Time,country,
511,Kelly Clarkson+Chloe & Halle+Missy Elliott+Jadagrace,This Is For My Girls,pop,
512,Kelly Clarkson,Piece By Piece (Idol Version),pop,
514,Kelsea Ballerini,Peter Pan,country,pop
515,Kelsea Ballerini,Yeah Boy,country,pop
516,Kendrick Lamar+Rihanna,LOYALTY. (Explicit),hip-hop/rap,
517,Kendrick Lamar+U2,XXX. (Explicit),hip-hop/rap,
518,Kendrick Lamar+Zacari,LOVE. (Explicit),hip-hop/rap,
519,Kendrick Lamar,BLOOD. (Explicit),hip-hop/rap,
520,Kendrick Lamar,DNA. (Explicit),hip-hop/rap,
521,Kendrick Lamar,DUCKWORTH. (Explicit),hip-hop/rap,
522,Kendrick Lamar,ELEMENT. (Explicit),hip-hop/rap,
523,Kendrick Lamar,FEAR. (Explicit),hip-hop/rap,
524,Kendrick Lamar,FEEL. (Explicit),hip-hop/rap,
525,Kendrick Lamar,GOD. (Explicit),hip-hop/rap,
526,Kendrick Lamar,HUMBLE. (Explicit),hip-hop/rap,
530,Kendrick Lamar,LUST. (Explicit),hip-hop/rap,
531,Kendrick Lamar,PRIDE. (Explicit),hip-hop/rap,
532,Kendrick Lamar,The Heart Part 4,hip-hop/rap,
534,Kendrick Lamar,YAH. (Explicit),hip-hop/rap,
535,Kenny Chesney+P!NK,Setting the World On Fire,country,
536,Kenny Chesney,Bar at the End of the World,country,
537,Kenny Chesney,Noise,country,
539,Kent Jones,Don't Mind,hip-hop/rap,
540,Keyshia Cole+French Montana+Remy Ma,You,soul/rnb,"hip-hop/rap,pop"
541,Khalid,Location,pop,
542,KiD Ink+Fetty Wap,Promise (Explicit),hip-hop/rap,pop
544,Kid Rock+Sheryl Crow,Picture,rock,
546,Kideko+George Kwali+Nadia Rose+Sweetie Irie,Crank It (Woah!) (Radio Edit),electronic,
548,Kiiara,Gold,electronic,pop
549,Kodak Black+Future,Conscience (Explicit),hip-hop/rap,
550,Kodak Black,Everything 1K,hip-hop/rap,
551,Kodak Black,Tunnel Vision,hip-hop/rap,
552,Kungs+Cookin' On 3 Burners,This Girl,electronic,
554,Kygo+Ellie Goulding,First Time,electronic,pop
555,Kygo+Selena Gomez,It Ain't Me,electronic,pop
558,Kyle+Lil Yachty,iSpy,pop,hip-hop/rap
560,LCD Soundsystem,call the police,rock,electronic
561,La La Land Cast,Another Day of Sun,pop,
562,Lady Antebellum,You Look Good,country,pop
563,Lady Gaga+Beyoncé,Telephone,pop,
564,Lady Gaga+Colby O'Donis,Just Dance (RichardHumptyVission Remix),pop,
565,Lady Gaga-A,A-Yo,pop,
566,Lady Gaga,Alejandro,pop,
567,Lady Gaga,Applause,pop,
568,Lady Gaga,Bad Romance,pop,
569,Lady Gaga,Born This Way,pop,
570,Lady Gaga,Million Reasons,pop,
571,Lady Gaga,Paparazzi,pop,
572,Lady Gaga,Perfect Illusion,pop,
573,Lady Gaga,Poker Face,pop,
574,Lady Gaga,The Cure,pop,
575,Lady Gaga,The Edge Of Glory (Instrumental),pop,
576,Lady Gaga,Yoü And I,pop,
577,Laith Al-Saadi,Saadi-Morning Light,rock,blues
578,Lana Del Rey+The Weeknd,Lust for Life,pop,
579,Lana Del Rey,Love,pop,
580,Lauren Alaina,Road Less Traveled,country,
582,Lauren Duski,Ghost In This House (Live),country,pop
583,Lauren Duski,The Dance (Live),country,pop
584,Lee Brice,Boy,country,
585,Lee Brice,That Don't Sound Like You,country,
587,Leonard Cohen,Hallelujah (Album Version),folk,"pop,rock"
588,Liam Payne+Quavo,Strip That Down,pop,electronic
589,Lil Uzi Vert,Money Longer (Explicit),hip-hop/rap,
590,Lil Uzi Vert,XO TOUR Llif3,hip-hop/rap,
591,Lil Uzi Vert,You Was Right (Explicit),hip-hop/rap,
592,Lil Wayne+Wiz Khalifa+Imagine Dragons+Logic,Sucker For Pain,hip-hop/rap,
594,Lil Yachty+Migos,Peek A Boo (Explicit),hip-hop/rap,
595,Lil Yachty,One Night (Extended),hip-hop/rap,
597,Linkin Park+Kiiara,Heavy (Explicit),rock,
598,Linkin Park,Battle Symphony,rock,
599,Little Big Town,Better Man,country,
600,Little Big Town,Girl Crush,country,
601,Little Big Town,One of Those Days,country,
602,Little Big Town,When Someone Stops Loving You,country,
603,Little Mix+Machine Gun Kelly,No More Sad Songs,pop,
605,Little Mix,Shout Out to My Ex,pop,
606,Little Mix,Touch,pop,
607,Locash,I Know Somebody,country,
608,Logan Paul+Why Don't We,Help Me Help You,pop,
609,Logic+Alessia Cara+Khalid-1-800-273,1-800-273-8255,hip-hop/rap,
611,Logic,Everybody,hip-hop/rap,
612,Logic,Flexicution,hip-hop/rap,
613,Looking Glass,BRANDY,pop,rock
614,Lord Huron,The Night We Met,folk,pop
615,Lorde,Green Light,pop,electronic
616,Louisa Johnson,So Good,soul/rnb,pop
617,Luis Fonsi+Daddy Yankee+Justin Bieber,Despacito (Remix),latin,"pop,reggae"
621,Lukas Graham,7 Years,pop,
622,Lukas Graham,Mama Said,pop,
623,Luke Bryan,Country Girl (Shake It For Me),country,
624,Luke Bryan,Fast,country,
625,Luke Bryan,Huntin',country,
626,Luke Bryan,Move,country,
627,Luke Combs,Hurricane,country,
628,Luke Combs,One Number Away,country,
629,Lupe Fiasco,Jump,hip-hop/rap,
630,Lynyrd Skynyrd,Sweet Home Alabama,rock,
631,Machine Gun Kelly+Camila Cabello,Bad Things,hip-hop/rap,
632,Machine Gun Kelly+Hailee Steinfeld,At My Best,hip-hop/rap,
634,MadeinTYO,Uber Everywhere (Clean),hip-hop/rap,
635,Maggie Lindemann,Pretty Girl,pop,
636,Magic!,Red Dress,pop,reggae
637,Major Lazer+Justin Bieber+MO,Cold Water,electronic,pop
638,Major Lazer+Nyla+Fuse ODG,Light It Up (Remix),electronic,pop
639,Major Lazer+PARTYNEXTDOOR+Nicki Minaj,Run Up,electronic,pop
643,Maluma,Felices los 4,reggae,
644,Marc E. Bassy+G-Eazy,Eazy-You & Me,pop,hip-hop/rap
645,Marc E. Bassy,You & Me,pop,hip-hop/rap
646,Maren Morris,80's Mercedes,country,
647,Maren Morris,I Could Use a Love Song,country,
648,Maren Morris,My Church,country,
649,Maren Morris,Once,country,
650,Mariah Carey+YG,I Don't,pop,soul/rnb
651,Mariah Carey,All I Want For Christmas Is You (Original Version),pop,soul/rnb
652,Marian Hill,Down,electronic,pop
653,Mark Morrison,Return Of The Mack,soul/rnb,
654,Mark Ronson+Bruno Mars,Uptown Funk,pop,electronic
656,Maroon 5+Future,Cold,pop,
657,Maroon 5+Kendrick Lamar,Don't Wanna Know,pop,
659,Maroon 5,She Will Be Loved,pop,
660,Marshmello,Alone,electronic,
661,Martin Garrix+Bebe Rexha,In The Name Of Love,electronic,pop
662,Martin Garrix+Dua Lipa,Scared To Be Lonely,electronic,pop
665,Martin Jensen,Solo Dance,electronic,
666,Martin Solveig+Ina Wroldsen,Places,electronic,
668,Matoma+Becky Hill,False Alarm,electronic,pop
670,Matt Terry,When Christmas Comes Around,pop,
671,Meek Mill+Tory Lanez,Litty,hip-hop/rap,
672,Meek Mill,Blessed Up,hip-hop/rap,
673,Meek Mill,Blue Notes,hip-hop/rap,
674,Meek Mill,Froze,hip-hop/rap,
675,Meek Mill,Offended,hip-hop/rap,
676,Meek Mill,On The Regular,hip-hop/rap,
677,Meek Mill,The Difference,hip-hop/rap,
678,Meghan Trainor+Kelli Trainor,Mom,pop,
679,Meghan Trainor,Me Too (Live At Macy's 4th of July),pop,
681,Meghan Trainor,NO,pop,
682,MercyME,Even If,rock,
683,Michael Bublé,It's Beginning To Look A Lot Like Christmas,pop,
684,Michael Kiwanuka,Cold Little Heart,soul/rnb,
685,Michael Ray,Think A Little Less,country,
686,Midland,Drinkin' Problem,country,
688,Migos+Metro Boomin+Lil Uzi Vert,Bad and Boujee (Explicit),hip-hop/rap,
689,Migos+Travis Scott,Kelly Price,hip-hop/rap,
692,Migos,Call Casting,hip-hop/rap,
693,Migos,Culture,hip-hop/rap,
694,Migos,Get Right Witcha,hip-hop/rap,
697,Migos,T-Shirt,hip-hop/rap,
698,Migos,What the Price,hip-hop/rap,
699,Mike Perry,The Ocean (Radio Edit),electronic,
700,Mike Posner,I Took a Pill in Ibiza (Explicit),pop,
703,Mike Will Made-It,It-Nothing Is Promised,hip-hop/rap,
704,Miley Cyrus,Malibu,pop,
705,Miranda Lambert,Tin Man,country,
706,Miranda Lambert,Vice,country,
707,Missy Elliott+Lamb,I'm Better,hip-hop/rap,pop
708,Missy Elliott,Get Ur Freak On (Amended LP Version),hip-hop/rap,pop
710,MO,Final Song,pop,electronic
711,NEIKED,Sexual,electronic,
713,Nevada+Mark Morrison+Fetty Wap,The Mack,electronic,pop
715,New Edition,Can You Stand the Rain,soul/rnb,pop
716,New Tribute Kings,Starboy(Originally Performed ByThe Weeknd Feat. Daft Punk),electronic,blues
717,Niall Horan,Slow Hands,pop,
718,Niall Horan,This Town,pop,
719,Nick Jonas+Nicki Minaj,Bom Bidi Bom,pop,
720,Nick Jonas+Tove Lo,Close (Dan E Radio Edit),pop,
722,Nick Jonas,Bacon (Explicit),pop,
726,Nick Jonas,Jealous,pop,
727,Nicki Minaj+Drake+Lil Wayne,No Frauds (Explicit),hip-hop/rap,pop
728,Nicki Minaj+Lil Wayne,Changed It (Explicit),hip-hop/rap,pop
729,Nicki Minaj+Mike Will Made-It,It-Black Barbies,hip-hop/rap,pop
730,Nicki Minaj,Regret In Your Tears (Explicit),hip-hop/rap,pop
731,Nicky Jam,El Amante,reggae,"hip-hop/rap,latin,pop"
732,Nicky Jam,Hasta el Amanecer,reggae,"hip-hop/rap,latin,pop"
733,Noah Cyrus+Labrinth,Make Me (Cry),pop,
734,Noah Cyrus,I'm Stuck,pop,
736,O.T. Genasis+Young Dolph,Cut It (Explicit),hip-hop/rap,
738,Old Dominion,No Such Thing as a Broken Heart,country,
739,Old Dominion,Snapback,country,
740,Old Dominion,Song for Another Time,country,
741,Olivia O'Brien,Hate U Love U,pop,
742,Olly Murs,Grow Up,pop,
743,Olly Murs,You Don't Know Love,pop,
744,OneRepublic,Kids,rock,pop
745,OneRepublic,Wherever I Go,rock,pop
746,Opetaia Foa'i+Lin-Manuel Miranda,We Know The Way,pop,
747,P!NK,Just Like Fire,pop,
748,PARTYNEXTDOOR+Drake,Come and See Me (Explicit),hip-hop/rap,
749,PARTYNEXTDOOR,Not Nice,hip-hop/rap,
750,PLAYBOI CARTI,Magnolia (Explicit),hip-hop/rap,
751,PLAYBOI CARTI,Woke Up Like This,hip-hop/rap,
752,Panic! At The Disco,Bohemian Rhapsody,pop,rock
753,Panic! At The Disco,Death Of A Bachelor,pop,rock
754,Paramore,Hard Times,pop,rock
755,Paul McCartney,Wonderful Christmastime (Edited Version),rock,
757,Pentatonix,Mary,pop,
758,Piko-Taro (ピコ太郎),Pen Pineapple Apple Pen,electronic,
759,Piko-Taro,Pen Pineapple Apple Pen,electronic,
760,Pitbull+Enrique Iglesias,Messin' Around,hip-hop/rap,pop
761,Pitbull+Flo Rida+LunchMoney Lewis,Greenlight,hip-hop/rap,pop
763,Plain White T's,Hey There Delilah,pop,rock
765,Portugal. The Man,Feel It Still,rock,pop
767,Post Malone+Quavo,Congratulations,hip-hop/rap,pop
769,Post Malone,Go Flex,hip-hop/rap,pop
770,Prince,1999 (LP版),rock,
771,Prince,I Would Die 4 U,rock,
772,Prince,Kiss,rock,
773,Prince,Let's Go Crazy,rock,
774,Prince,Little Red Corvette,rock,
775,Prince,Purple Rain,rock,
776,Prince,Raspberry Beret,rock,
777,Prince,When Doves Cry,rock,
778,Rachel Platten,Fight Song,pop,
779,Radiohead,Creep,rock,
780,Rae Sremmurd+Gucci Mane,Black Beatles (Explicit),hip-hop/rap,
783,Rae Sremmurd,Look Alive (Clean),hip-hop/rap,
784,Rae Sremmurd,Swang (Explicit),hip-hop/rap,
786,Rag'N'Bone Man,Human (MJ Cole Remix),soul/rnb,
788,Rag'N'Bone Man,Skin,soul/rnb,
789,Ramin Djawadi,Light of the Seven,classical,
790,Rascal Flatts,I Like The Sound Of That,country,
791,Rascal Flatts,Yours If You Want It,country,
792,Reba McEntire,Back to God,country,
793,Red Hot Chili Peppers,Dark Necessities,rock,
794,Red Hot Chili Peppers,We Turn Red,rock,
796,Rick Ross+Young Thug+Wale,Trap Trap Trap (Explicit),hip-hop/rap,
797,Rihanna+Drake,Work (Lost Kings Remix),pop,soul/rnb
798,Rihanna,Needed Me (Cosmic Dawn Club Mix),pop,soul/rnb
799,Rihanna,Sledgehammer,pop,soul/rnb
801,Rob $tone+Spooks+J. Davis,Chill Bill,hip-hop/rap,
803,Robbie Williams,Love My Life,pop,
804,Robin Schulz+David Guetta+Cheat Codes,Shed A Light,electronic,pop
806,Romeo Santos,Héroe Favorito,latin,
807,Russ,Losin Control,hip-hop/rap,pop
808,Russ,What They Want,hip-hop/rap,pop
809,Ruth B.,Lost Boy,pop,
810,Ryan Gosling+Emma Stone,City of Stars,jazz,
812,Sabrina Carpenter,Thumbs,pop,electronic
813,Sage the Gemini,Now and Later,hip-hop/rap,
814,Sam Hunt,Body Like A Back Road,country,
815,Sam Hunt,Drinkin' Too Much (8pm),country,
816,Sam Hunt,Make You Miss Me (Acoustic Mixtape),country,
818,Schoolboy Q+Kanye West,THat Part (Explicit),hip-hop/rap,
820,Scotty McCreery,Five More Minutes,country,
821,Sean Paul+Dua Lipa,No Lie,hip-hop/rap,pop
823,Selena Gomez,Bad Liar,pop,
824,Selena Gomez,Kill Em With Kindness,pop,
825,"Shaggy+Ricardo ""RikRok"" Ducent",It Wasn't Me,reggae,pop
827,Shakin' Stevens,Merry Christmas Everyone,rock,
828,Shakira+Maluma,Chantaje,pop,latin
829,Shakira,Hips Don't Lie (2006 FIFA World Cup Mix),pop,latin
830,Shakira,Me Enamoré,pop,latin
831,Shakira,Try Everything,pop,latin
832,Shawn Mendes,Mercy,pop,
833,Shawn Mendes,Stitches,pop,
834,Shawn Mendes,There's Nothing Holdin' Me Back,pop,
835,Shawn Mendes,Treat You Better,pop,
836,Sia+Kendrick Lamar,The Greatest,pop,
837,Sia+Nicky Jam,Cheap Thrills (Remix),pop,
839,Sia,California Dreamin',pop,
842,Sia,Helium,pop,
844,Sigma+Birdy,Find Me (Radio Edit),electronic,pop
846,Skrillex+Rick Ross,Purple Lamborghini (Explicit),electronic,
847,Slade,Merry Xmas Everybody,rock,
848,Snakehips+MØ,Don't Leave (Explicit),pop,electronic
850,Snoop Dogg,Kush Ups,hip-hop/rap,
851,Solange+Sampha,Don't Touch My Hair,hip-hop/rap,"soul/rnb,pop"
852,Solange,Cranes in the Sky,hip-hop/rap,"soul/rnb,pop"
853,Starley,Call On Me,electronic,pop
854,Starley,Call on Me (Ryan Riback Remix),electronic,pop
855,Steve Aoki+Louis Tomlinson,Just Hold On,electronic,pop
857,Stormzy,Big For Your Boots,hip-hop/rap,
858,Sturgill Simpson,All Around You,country,rock
859,Sundance Head,At Last (Live),country,"soul/rnb,blues,rock"
860,Sundance Head,Darlin' Don't Go (Live),country,"soul/rnb,blues,rock"
861,Take That,Giants,pop,
862,Taron Egerton,I'm Still Standing,pop,
863,Taylor Ray Holbrook+Ryan Upchurch,Southern Land,country,
864,Tee Grizzley,First Day Out (Explicit),hip-hop/rap,
865,The Chainsmokers+Coldplay,Something Just Like This,pop,electronic
868,The Chainsmokers+Halsey,Closer,pop,electronic
869,The Chainsmokers+Phoebe Ryan,All We Know,pop,electronic
870,The Chainsmokers+ROZES,Roses,pop,electronic
871,The Chainsmokers+XYLØ,Setting Fires,pop,electronic
876,The Chainsmokers,Paris,pop,electronic
879,The Chainsmokers,The One (Explicit),pop,electronic
880,The Dave Clark Five,Glad All Over,pop,rock
881,The Game+Jeremih,All Eyez (Explicit),hip-hop/rap,
882,The Killers,Mr. Brightside,rock,
883,The Knocks+Wyclef Jean,Kiss The Sky,pop,electronic
884,The Lumineers,Ophelia,folk,"pop,rock"
885,The Notorious B.I.G.,Hypnotize,hip-hop/rap,
886,The Pogues+Kirsty MacColl,Fairytale Of New York,folk,rock
888,The Revivalists,Wish I Knew You,rock,
889,The Strumbellas,Spirits,folk,rock
890,The Vamps+Matoma,All Night,pop,electronic
892,The Weeknd+Daft Punk,I Feel It Coming,soul/rnb,"pop,hip-hop/rap"
894,The Weeknd+Future,All I Know,soul/rnb,"pop,hip-hop/rap"
895,The Weeknd+Kendrick Lamar,Sidewalks,soul/rnb,"pop,hip-hop/rap"
896,The Weeknd,A Lonely Night,soul/rnb,"pop,hip-hop/rap"
897,The Weeknd,Acquainted (Explicit),soul/rnb,"pop,hip-hop/rap"
900,The Weeknd,Die For You,soul/rnb,"pop,hip-hop/rap"
903,The Weeknd,Love To Lay,soul/rnb,"pop,hip-hop/rap"
904,The Weeknd,Nothing Without You,soul/rnb,"pop,hip-hop/rap"
905,The Weeknd,Ordinary Life,soul/rnb,"pop,hip-hop/rap"
906,The Weeknd,Party Monster,soul/rnb,"pop,hip-hop/rap"
907,The Weeknd,Reminder,soul/rnb,"pop,hip-hop/rap"
908,The Weeknd,Rockin',soul/rnb,"pop,hip-hop/rap"
909,The Weeknd,Secrets,soul/rnb,"pop,hip-hop/rap"
911,The Weeknd,Six Feet Under,soul/rnb,"pop,hip-hop/rap"
913,The Weeknd,Stargirl Interlude,soul/rnb,"pop,hip-hop/rap"
915,The White Stripes,Seven Nation Army,rock,blues
916,The xx,On Hold,pop,electronic
917,Thomas Rhett+Maren Morris,Craving You,country,
918,Thomas Rhett,Die A Happy Man,country,
919,Thomas Rhett,Star Of The Show,country,
921,Thomas Rhett,Vacation,country,
922,Tieks+Dan Harkna,Sunshine (Radio Edit),electronic,
924,Tim Mcgraw+Faith Hill,Speak to a Girl,country,
925,Tim Mcgraw,How I'll Always Be,country,
926,Tim Mcgraw,Humble and Kind,country,
927,Tinashe,Superlove (Explicit),pop,"soul/rnb,electronic"
928,Tinie Tempah+Tinashe,Text from Your Ex,pop,"hip-hop/rap,electronic"
929,Tom Zanetti+Sadie Ama,You Want Me,electronic,
931,Tory Lanez,LUV,hip-hop/rap,
932,Tove Lo,Cool Girl (Explicit),pop,
933,Train,Play That Song,pop,
934,Travis Scott,Beibs in the Trap (Explicit),hip-hop/rap,pop
935,Travis Scott,Goosebumps (Explicit),hip-hop/rap,pop
936,Trey Songz,Nobody Else But You,pop,"hip-hop/rap,soul/rnb"
937,Troye Sivan,WILD,pop,electronic
938,Troye Sivan,YOUTH,pop,electronic
939,Tucker Beathard,Rock On,country,pop
940,Twenty One Pilots+Mutemath,Heathens,rock,
941,Twenty One Pilots,Cancer,rock,
943,Twenty One Pilots,Ride (Live),rock,
945,Twenty One Pilots,Stressed Out,rock,
946,Tyga+Kanye West,Feel Me,hip-hop/rap,
948,Usher+Young Thug,No Limit (Explicit),pop,"hip-hop/rap,soul/rnb"
950,Usher,Yeah,pop,"hip-hop/rap,soul/rnb"
951,Various Artists,Hands,pop,
952,Wale+Lil Wayne,Running Back,hip-hop/rap,"pop,soul/rnb"
953,Wale+Sam Sneak,My PYT (Explicit),hip-hop/rap,"pop,soul/rnb"
957,Wiz Khalifa+Lil Uzi Vert,Pull Up,hip-hop/rap,pop
958,Wizzard,I Wish It Could Be Christmas Everyday,rock,pop
959,X Ambassadors,Unsteady (Erich Lee Gravity Remix),rock,pop
962,Xxxtentacion,Look at Me! (Explicit),hip-hop/rap,
964,YFN Lucci+PnB Rock,Everyday We Lit (Explicit),hip-hop/rap,
965,YG+Drake+Kamaiyah,Why You Always Hatin?,hip-hop/rap,pop
966,Yo Gotti+E-40,40-Law,hip-hop/rap,pop
967,Yo Gotti,Law,hip-hop/rap,pop
968,Young Greatness,Moolah,hip-hop/rap,
969,Young M.A,Ooouuu (Explicit),hip-hop/rap,
970,Young Thug+Travis Scott+Quavo,Pick Up the Phone,hip-hop/rap,
971,Young Thug,Gang Up (Explicit),hip-hop/rap,
973,ZAYN+Lil Wayne,PILLOWTALK (Remix),pop,
974,ZAYN+PARTYNEXTDOOR,Still Got Time,pop,
978,Zac Brown Band,Castaway,country,
979,Zac Brown Band,My Old Man,country,
980,Zac Brown Band,Roots,country,
981,Zara Larsson+MNEK,Never Forget You (Belt & Wezol Remix),pop,electronic
983,Zara Larsson,Ain't My Fault,pop,electronic
984,Zara Larsson,I Would Like,pop,electronic
985,Zara Larsson,Lush Life,pop,electronic
989,Zay Hilfigerrr+Zayion McCall,Juju On That Beat (TZ Anthem),hip-hop/rap,
992,Zayion McCall+Zay Hilfigerrr,JuJu On Dat Beat,country,pop
993,Zedd+Alessia Cara,Stay,electronic,pop
996,offaiah,Trouble,electronic,
997,BTS,A Supplementary Story : You Never Walk Alone,pop,
999,BTS,Outro : Wings,pop,
1000,BTS,Spring Day,pop,
